{"Mean":{"confidence_interval":{"confidence_level":0.95,"lower_bound":478487.74810432043,"upper_bound":483977.4113350749},"point_estimate":481111.070304513,"standard_error":1404.2913287363938},"Median":{"confidence_interval":{"confidence_level":0.95,"lower_bound":475120.8888888889,"upper_bound":478657.9166666667},"point_estimate":476726.7857142857,"standard_error":871.0596744543585},"MedianAbsDev":{"confidence_interval":{"confidence_level":0.95,"lower_bound":5060.17817103348,"upper_bound":9354.666816764628},"point_estimate":7025.250938625312,"standard_error":1046.089495747115},"Slope":{"confidence_interval":{"confidence_level":0.95,"lower_bound":476610.6929432226,"upper_bound":481689.653879445},"point_estimate":478904.6643022511,"standard_error":1304.5165058922603},"StdDev":{"confidence_interval":{"confidence_level":0.95,"lower_bound":10267.89871119072,"upper_bound":17809.81777272774},"point_estimate":14159.900963986976,"standard_error":1946.867481441387}}