{"Mean":{"confidence_interval":{"confidence_level":0.95,"lower_bound":3200514.6802681987,"upper_bound":3524103.0330049256},"point_estimate":3332350.4077723045,"standard_error":86038.05529061747},"Median":{"confidence_interval":{"confidence_level":0.95,"lower_bound":3157456.896551724,"upper_bound":3355364.778325123},"point_estimate":3297952.7586206896,"standard_error":59808.503019395095},"MedianAbsDev":{"confidence_interval":{"confidence_level":0.95,"lower_bound":28782.816109692507,"upper_bound":266200.6832624985},"point_estimate":133995.08503490474,"standard_error":61923.649089340295},"Slope":{"confidence_interval":{"confidence_level":0.95,"lower_bound":3250065.9357980136,"upper_bound":3806394.0539345713},"point_estimate":3501164.3618450514,"standard_error":164822.42712688312},"StdDev":{"confidence_interval":{"confidence_level":0.95,"lower_bound":76630.9192709706,"upper_bound":430164.5371183297},"point_estimate":286208.27621378115,"standard_error":116554.54339358654}}