{"Mean":{"confidence_interval":{"confidence_level":0.95,"lower_bound":267133.06556962896,"upper_bound":277846.70122739015},"point_estimate":271368.697236065,"standard_error":2895.6096427076536},"Median":{"confidence_interval":{"confidence_level":0.95,"lower_bound":266336.4981312292,"upper_bound":271958.98255813954},"point_estimate":268827.398255814,"standard_error":1782.5409915594976},"MedianAbsDev":{"confidence_interval":{"confidence_level":0.95,"lower_bound":724.7915932370266,"upper_bound":7119.920597433348},"point_estimate":4067.1821244984767,"standard_error":1730.2751659061657},"Slope":{"confidence_interval":{"confidence_level":0.95,"lower_bound":267757.26549247996,"upper_bound":271584.02048164327},"point_estimate":269558.9028994262,"standard_error":968.7845176151544},"StdDev":{"confidence_interval":{"confidence_level":0.95,"lower_bound":2094.7370416160725,"upper_bound":14626.522381143273},"point_estimate":9639.805466488713,"standard_error":4168.93560234267}}