{"Mean":{"confidence_interval":{"confidence_level":0.95,"lower_bound":41365.81829066552,"upper_bound":41738.24865306316},"point_estimate":41543.13594610414,"standard_error":95.44510917015458},"Median":{"confidence_interval":{"confidence_level":0.95,"lower_bound":40932.56594905848,"upper_bound":41076.185254557255},"point_estimate":41000.51729575117,"standard_error":36.15536194357287},"MedianAbsDev":{"confidence_interval":{"confidence_level":0.95,"lower_bound":894.3199333283098,"upper_bound":1078.6207971321496},"point_estimate":986.9724973277398,"standard_error":46.38631224798016},"Slope":{"confidence_interval":{"confidence_level":0.95,"lower_bound":41306.78803551707,"upper_bound":41707.10782382414},"point_estimate":41489.48509211928,"standard_error":102.15844645427632},"StdDev":{"confidence_interval":{"confidence_level":0.95,"lower_bound":2266.894691600355,"upper_bound":3789.716308324682},"point_estimate":3038.927668541832,"standard_error":389.41926710814306}}