{"Mean":{"confidence_interval":{"confidence_level":0.95,"lower_bound":49800112.52380952,"upper_bound":50670198.83735118},"point_estimate":50231998.315476194,"standard_error":222119.56876395963},"Median":{"confidence_interval":{"confidence_level":0.95,"lower_bound":49735431.78571428,"upper_bound":50767833.33333333},"point_estimate":50108159.375,"standard_error":303018.3765750125},"MedianAbsDev":{"confidence_interval":{"confidence_level":0.95,"lower_bound":100804.88446035319,"upper_bound":1262631.9988338004},"point_estimate":811475.1500934362,"standard_error":294740.8394426849},"Slope":{"confidence_interval":{"confidence_level":0.95,"lower_bound":49674497.01011474,"upper_bound":50510298.50543478},"point_estimate":50084495.584415585,"standard_error":216115.04427150692},"StdDev":{"confidence_interval":{"confidence_level":0.95,"lower_bound":400169.1896518199,"upper_bound":958156.9739874147},"point_estimate":738698.8715333041,"standard_error":144428.11835320885}}