{"Mean":{"confidence_interval":{"confidence_level":0.95,"lower_bound":5901192.740079365,"upper_bound":6031120.034685019},"point_estimate":5965123.958829364,"standard_error":33296.6337003003},"Median":{"confidence_interval":{"confidence_level":0.95,"lower_bound":5875947.916666666,"upper_bound":6095052.083333333},"point_estimate":5944614.652777778,"standard_error":55155.33307077429},"MedianAbsDev":{"confidence_interval":{"confidence_level":0.95,"lower_bound":7717.859487980604,"upper_bound":190051.86151132095},"point_estimate":109009.03821053635,"standard_error":47409.2455623869},"Slope":{"confidence_interval":{"confidence_level":0.95,"lower_bound":5925534.095113376,"upper_bound":6064851.568912682},"point_estimate":5996794.220779221,"standard_error":36994.37818619344},"StdDev":{"confidence_interval":{"confidence_level":0.95,"lower_bound":66146.31391312143,"upper_bound":131994.72541789143},"point_estimate":110818.62557013813,"standard_error":16453.98742617237}}